ppm,Label
80,Atmosphere
81,Atmosphere
82,Atmosphere
83,Atmosphere
84,Atmosphere
85,Atmosphere
86,Atmosphere
87,Atmosphere
88,Atmosphere
89,Atmosphere
90,Atmosphere
91,Atmosphere
92,Atmosphere
93,Atmosphere
94,Atmosphere
95,Atmosphere
96,Atmosphere
97,Atmosphere
98,Atmosphere
99,Atmosphere
100,Atmosphere
101,Sanitizer
103,Sanitizer
105,Sanitizer
107,Sanitizer
109,Sanitizer
111,Sanitizer
113,Sanitizer
115,Sanitizer
117,Sanitizer
119,Sanitizer
121,Sanitizer
123,Sanitizer
125,Sanitizer
127,Sanitizer
129,Sanitizer
131,Sanitizer
133,Sanitizer
135,Sanitizer
137,Sanitizer
139,Sanitizer
141,Sanitizer
143,Sanitizer
145,Sanitizer
147,Sanitizer
149,Sanitizer
151,Sanitizer
153,Sanitizer
155,Sanitizer
157,Sanitizer
159,Sanitizer
161,Sanitizer
163,Sanitizer
165,Sanitizer
167,Sanitizer
169,Sanitizer
171,Sanitizer
173,Sanitizer
175,Sanitizer
177,Sanitizer
179,Sanitizer
181,Sanitizer
183,Sanitizer
185,Sanitizer
187,Sanitizer
189,Sanitizer
191,Sanitizer
193,Sanitizer
195,Sanitizer
300,Agarbatti
302,Agarbatti
304,Agarbatti
306,Agarbatti
308,Agarbatti
310,Agarbatti
312,Agarbatti
314,Agarbatti
316,Agarbatti
318,Agarbatti
320,Agarbatti
322,Agarbatti
324,Agarbatti
326,Agarbatti
328,Agarbatti
330,Agarbatti
332,Agarbatti
334,Agarbatti
336,Agarbatti
338,Agarbatti
340,Agarbatti
342,Agarbatti
344,Agarbatti
346,Agarbatti
348,Agarbatti
350,Agarbatti
